Set,Cards Against Humanity- Family Edition,Special,Duplicates,Version,,,,,,,Set,Glow in the Dark Box - Family Edition,Special,v1.0,,,,,,
,"beta had 420 cards; official release has 600 cards 
Release Date: April 2, 2020
",,,beta,fam website pdf,store pdf,,,,,,"300 cards 
Released: August 10, 2021 
Icon: Trio of sparkles",,,,,,,,
,"v1.0a is the same as v1.0, just has a different back",,,,,,,,,,,,,,,,,,,
,,,,,,,,,,,Prompt,And the theme for this year‚Äôs winter formal is: ‚ÄúA Night of _____________.‚Äù,,v1.0,,,,,,
Prompt,_______? No.,,,beta,,,,,,,Prompt,And today‚Äôs soup is Cream of _____________.,,v1.0,,,,,,
Prompt,"On the 12th day of Christmas, my true love gave to me: ______.",written by a kid,,,,v1.1,,,,,Prompt,Anyone can dance! Just throw your hands I the air and pretend you‚Äôre _____________!,,v1.0,,,,,,
Prompt,All I want for Christmas is _______ .,,,,v1.0,v1.1,,,,,Prompt,"As your doctor, I must say this amount of _____________ is abnormal for a girl your age.",,v1.0,,,,,,
Prompt,"Alright, kids. The votes are in, and the new school mascot will be ______.",written by a kid,,,,v1.1,,,,,Prompt,"Attention Target shoppers. Unfortunately, we will be closing early due to _____________.",,v1.0,,,,,,
Prompt,"Alright, which one of you little turds is responsible for ______?!",,,beta,v1.0,v1.1,,,,,Prompt,Be out of the bathroom in a sec! Just having trouble with _____________.,,v1.0,,,,,,
Prompt,"And in the blue corner, weighing in at 280 pounds, it's Tommy ""_______"" Takahashi!",,,,v1.0,v1.1,,,,,Prompt,"Bow wow wow! I'm a big smelly dog, and I loooooove _____________.",,v1.0,,,,,,
Prompt,"And over here is Picasso's famous painting, ""Portrait of _______.""",,,,v1.0,v1.1,,,,,Prompt,Boys love _____________.,,v1.0,,,,,,
Prompt,"At school, I'm just Mandy. But at summer camp, I'm ""______ Mandy.""",,,beta,v1.0,v1.1,,,,,Prompt,CHUNGO MAKE MISTAKE. CHUNGO REALIZE _____________ BAD NOW.,,v1.0,,,,,,
Prompt,Attention students! Principal Butthead is at home recovering from ______. We hope he'll be back soon.,,,,v1.0,v1.1,,,,,Prompt,Come on guys! Let‚Äôs go downstairs and play my favorite game: _____________ in the Basement!,,v1.0,,,,,,
Prompt,Attention students! This is Principal Butthead. Please remember that we do not allow ______ in the hallway. Thank you.,,,beta,,v1.1,,,,,Prompt,"Darn kids! In my day, all we needed to have fun was _____________.",,v1.0,,,,,,
Prompt,Attention students! This is Principal Butthead reminding you that we do not allow ______ in the hallway. Thank you.,,,,v1.0,,,,,,Prompt,"Designers! For this week‚Äôs challenge, you must make a dress designed for _____________.",,v1.0,,,,,,
Prompt,Beep beep! ______ coming through!,,,beta,v1.0,v1.1,,,,,Prompt,Do NOT go in the pool. There‚Äôs _____________ in there.,,v1.0,,,,,,
Prompt,"Before I attend your sleepover, I must inform you: toys bore me, and I don't care for sweets. I prefer _______.",,,beta,,,,,,,Prompt,"Easy or not, here comes _____________!",,v1.0,,,,,,
Prompt,"Bow before me, for I am the Queen of ______!",,,beta,v1.0,v1.1,,,,,Prompt,"Gather round the fire, children, and let me tell you the bone-chilling story of _____________.",,v1.0,,,,,,
Prompt,"Boys? No. 
______? Yes!",,,beta,v1.0,v1.1,,,,,Prompt,HAHAHAHA! CHUNGO HAPPY. CHUNGO HAVE FUN WITH _____________.,,v1.0,,,,,,
Prompt,Charmander has evolved into _______!,,,,v1.0,,,,,,Prompt,Here lies Stinky Dave. He died from _____________.,,v1.0,,,,,,
Prompt,"CHUNGO ANGRY.
CHUNGO
DESTROY ______.",,,,v1.0,v1.1,,,,,Prompt,Hey Milwaukee! Lookin‚Äô for good food and family fun? Come on down to _____________ Bar & Grill!,,v1.0,,,,,,
Prompt,CHUNGO FEEL SICK. CHUNGO NO LIKE ______ ANYMORE.,,,beta,v1.0,v1.1,,,,,Prompt,Holy crap! My video of _____________ has ten million views!,,v1.0,,,,,,
Prompt,"Class, pay close attention. I will now demonstrate the physics of ______.",,,beta,v1.0,v1.1,,,,,Prompt,Holy MOLY! Now THAT‚ÄôS what I call _____________!,,v1.0,,,,,,
Prompt,CNN breaking news! Over half of Americans are now _______.,,,,v1.0,v1.1,,,,,Prompt,"Honey, leave your sister alone. She‚Äôs busy with _____________.",,v1.0,,,,,,
Prompt,"Come on, Danny. All the cool kids are doin' it. Wanna try _______?",,,beta,v1.0,v1.1,,,,,Prompt,"I can show you _____________. Shining, shimmering, splendid.",,v1.0,,,,,,
Prompt,"Come with me, and I will show you a world of ______.",,,beta,,,,,,,Prompt,I finally finished my autobiography. It‚Äôs called ‚ÄúMy wife: The Story of _____________.‚Äù,,v1.0,,,,,,
Prompt,Coming soon! Batman vs. ______.,,,beta,,v1.1,,,,,Prompt,I have an extremely rare condition called ‚Äú_____________ Face.‚Äù,,v1.0,,,,,,
Prompt,"Coming soon! ""Batman vs. ______.""",,,,v1.0,,,,,,Prompt,I put a spell on you! And now you‚Äôre _____________.,,v1.0,,,,,,
Prompt,"Coming to theaters this holiday season, ""Star Wars: The Rise of ______.""",,,beta,v1.0,v1.1,,,,,Prompt,"If I had a million dollars, I‚Äôd spend it all on _____________.",,v1.0,,,,,,
Prompt,Did you hear about the new Avenger? She's ______!,written by a kid.,,,,v1.1,,,,,Prompt,Isten! I'm from the future. You've got to stop _____________!,,v1.0,,,,,,
Prompt,Did you know that Benjamin Franklin invented ______?,,,beta,v1.0,v1.1,,,,,Prompt,Mamma Mia. Here I go again. My my! How can I resist _____________?,,v1.0,,,,,,
Prompt,"Disney proudly presents ""_______ in Ice.""",,,,v1.0,v1.1,,,,,Prompt,"Mom! Mom! Look at me, Mom! I‚Äôm _____________.",,v1.0,,,,,,
Prompt,ENOUGH! I will not let ______ tear this family apart!,,,beta,v1.0,v1.1,,,,,Prompt,"Next in the talent show, Jordan will wow us with _____________.",,v1.0,,,,,,
Prompt,Ew. Grandpa smells like _______.,,,beta,v1.0,v1.1,,,,,Prompt,Nothing brings a family together quite like _____________.,,v1.0,,,,,,
Prompt,Foolish child! Did you think you could escape from ______?,,,beta,v1.0,v1.1,,,,,Prompt,Now in toy stores: it‚Äôs _____________ Batman!,,v1.0,,,,,,
Prompt,Girls just wanna have ______.,,,,v1.0,v1.1,,,,,Prompt,Oh no. Mom‚Äôs new boyfriend is _____________.,,v1.0,,,,,,
Prompt,"Guys, stop it! There's nothing funny about ______.",,,beta,v1.0,v1.1,,,,,Prompt,Old MacDonald had _____________. E-I-E-I-O.,,v1.0,,,,,,
Prompt,Hey guys. I just want to tell all my followers who are struggling with ______: it DOES get better.,,,beta,v1.0,v1.1,,,,,Prompt,"Son, we need to talk. We found _____________ under your bed.",,v1.0,,,,,,
Prompt,"Hey Riley, I'll give you five bucks if you try _______.",,,,v1.0,v1.1,,,,,Prompt,Thanks for coming to babysit! Just a heads up: Kayla‚Äôs going through a bit of a ‚Äú_____________‚Äù phase.,,v1.0,,,,,,
Prompt,"Hey, check out my band! We're called ""Rage Against ______.""",,,beta,v1.0,v1.1,,,,,Prompt,The hills are alive with the sound of _____________!,,v1.0,,,,,,
Prompt,"Hey, kids. I'm Sensei Todd. Today, I'm gonna teach you how to defend yourself against ______.",,,beta,v1.0,v1.1,,,,,Prompt,"The President called. He needs _____________, NOW!",Written by a kid,v1.0,,,,,,
Prompt,"Huddle up, Wildcats! They may be bigger. They may be faster. But we've got a secret weapon: ______.",,,beta,v1.0,v1.1,,,,,Prompt,"This election day, remember: a vote for me is a vote for _____________.",,v1.0,,,,,,
Prompt,"I do not fight for wealth.
I do not fight for glory.
I fight for _______!",,,,v1.0,v1.1,,,,,Prompt,This is your captain speaking. Fasten your seatbelts and prepare for _____________.,,v1.0,,,,,,
Prompt,"I don't really know what my mom's job is, but I think it has something to do with ______.",,,beta,v1.0,v1.1,,,,,Prompt,"Today, we had a school assembly warning about the dangers of _____________.",Written by a kid,v1.0,,,,,,
Prompt,"I have invented a new sport. I call it ""______ ball.""",,,beta,v1.0,v1.1,,,,,Prompt,"We're good, Mom! Other than _____________, we're all good!",Written by a kid,v1.0,,,,,,
Prompt,I lost my arm in a ______ accident.,,,beta,v1.0,v1.1,,,,,Prompt,"Welcome to Kevin‚Äôs Pizza, where every pizza comes with _____________!",,v1.0,,,,,,
Prompt,"I'm not like other children. Toys bore me, and I don't care for sweets. I prefer ______.",,,,v1.0,v1.1,,,,,Prompt,What ruined Christmas?,,v1.0,,,,,,
Prompt,"I'm sorry, Jordan but that's not an acceptable Science Fair project. That's just _______.",,,,v1.0,v1.1,,,,,Prompt,What would be way cooler on fire?,,v1.0,,,,,,
Prompt,"I'm sorry, Mrs. Sanchez, but I couldn't finish my homework because of ______.",,,,v1.0,v1.1,,,,,Prompt,What‚Äôs my superpower?,,v1.0,,,,,,
Prompt,"Isn't this great, honey? Just you, me, the kids, and _______.",,,beta,v1.0,v1.1,,,,,Prompt,"When I barfed, what came out of my mouth?",,v1.0,,,,,,
Prompt,"It's BIG.
It's SCARY.
It's _______!",,,beta,v1.0,v1.1,,,,,Prompt,"When I grow up, I'm gonna be _____________.",,v1.0,,,,,,
Prompt,"James Bond will return in ""No Time for _______.""",,,beta,v1.0,,,,,,Prompt,"Yarrrr! Captain Jack, ‚Äôtis bad luck to bring _____________ aboard a ship!",,v1.0,,,,,,
Prompt,"Joey, look out behind you! It's ______!",,,beta,,,,,,,,,,,,,,,,
Prompt,"Kids, Dad is trying something new this week. It's called ""______"".",,,beta,v1.0,v1.1,,,,,Response,20 million llamas with hypnotizing fire eyes.,Written by a kid,v1.0,,,,,,
Prompt,"Ladies and gentlemen, I have discovered something amazing. I have discovered ______.",,,beta,v1.0,v1.1,,,,,Response,A bad clown who sucks.,,v1.0,,,,,,
Prompt,"Little Miss Muffet 
Sat on a tuffet
Eating her curds and ______.",,,,v1.0,v1.1,,,,,Response,A bad teacher who sucks at teaching.,,v1.0,,,,,,
Prompt,"Madam President, we've run out of time. The only option is ________.",,,beta,v1.0,v1.1,,,,,Response,A beautiful painting of a big butt.,,v1.0,,,,,,
Prompt,Me and my friends don't play with dolls anymore. We're into ______ now.,,,beta,v1.0,v1.1,,,,,Response,A big fifth grader coming over and beating up my dad.,,v1.0,,,,,,
Prompt,ME HUNGRY. ME WANT _______.,,,beta,v1.0,v1.1,,,,,Response,A big ol‚Äô plate of fettuccine alfredo.,,v1.0,,,,,,
Prompt,Mom? You have to come pick me up! There's ______ at this party.,,,beta,,,,,,,Response,A big sweaty man.,,v1.0,,,,,,
Prompt,Mom!? You have to come pick me up! There's ______ at this party.,,,,v1.0,v1.1,,,,,Response,A bounce house.,,v1.0,,,,,,
Prompt,Moms love ______.,,,beta,v1.0,v1.1,,,,,Response,"A boy band, but instead of singing and dancing they hurt people.",Written by a kid,v1.0,,,,,,
Prompt,My dad and I enjoy ______ together.,,,beta,v1.0,v1.1,,,,,Response,"A boy who is very cute, but very dumb.",,v1.0,,,,,,
Prompt,"My favorite book is ""The Amazing Adventures of ______.""",,,beta,,,,,,,Response,A butt that speaks English.,,v1.0,,,,,,
Prompt,My favorite book is The Amazing Adventures of ______.,,,,v1.0,v1.1,,,,,Response,A car with legs instead of wheels.,Written by a kid,v1.0,,,,,,
Prompt,"My favorite dinosaur is ""______asaurus.""",,,,v1.0,v1.1,,,,,Response,A dead possum.,,v1.0,,,,,,
Prompt,MY NAME CHUNGO. CHUNGO LOVE ______.,,,beta,v1.0,v1.1,,,,,Response,A fart that can be heard over the symphony.,,v1.0,,,,,,
Prompt,"My name is Peter Parker. I was bitten by a radioactive spider, and now I'm ______.",,,beta,v1.0,v1.1,,,,,Response,"A huge, muscular baby.",,v1.0,,,,,,
Prompt,"Never fear, Captain ______ is here!",,,beta,v1.0,v1.1,,,,,Response,A man with a butt for a face and a face for a butt.,,v1.0,,,,,,
Prompt,New from Hasbro! It's BUNGO: The Game of ______.,,,,v1.0,v1.1,,,,,Response,A mariachi band.,,v1.0,,,,,,
Prompt,New from Mattel! It's BUNGO: The Game of ______.,,,beta,,,,,,,Response,A mop that is also a friend.,,v1.0,,,,,,
Prompt,"New from Mattel, it's ______ Barbie!",,,,v1.0,v1.1,,,,,Response,A neck as incredibly thick as Gaston‚Äôs.,,v1.0,,,,,,
Prompt,New from McDonalds: it's the Mc______ Burger.,written by a kid,,,,v1.1,,,,,Response,A pair of legs just walking around.,,v1.0,,,,,,
Prompt,Next from J.K. Rowling: Harry Potter and the Chamber of ______.,,,beta,,,,,,,Response,A rotisserie chicken in a tuxedo.,,v1.0,,,,,,
Prompt,Next from J.K. Rowling: Harry Potter and the Chamber of ______.,,,,v1.0,v1.1,,,,,Response,A serial killer.,,v1.0,,,,,,
Prompt,"No fair! How come Chloe gets her own phone, and allI get is ______?",,,,v1.0,v1.1,,,,,Response,A sloth very slowly getting away with shoplifting.,,v1.0,,,,,,
Prompt,Now in bookstores: Nancy Drew and the Mystery of ______.,,,beta,,,,,,,Response,A smelly man from the 1800s.,,v1.0,,,,,,
Prompt,Now in bookstores: Nancy Drew and the Mystery of ______.,,,,v1.0,,,,,,Response,A stranger with candy.,,v1.0,,,,,,
Prompt,"Oh Dark Lord, we show our devotion with a humble offering of ______!",,,beta,v1.0,v1.1,,,,,Response,A Super Soaker filled with diarrhea.,,v1.0,,,,,,
Prompt,"Oh, no thank you, Mrs. Lee. I've had plenty of ______ for now.",,,beta,v1.0,v1.1,,,,,Response,A treasure map that leads to a dead clown.,,v1.0,,,,,,
Prompt,"Oh, that's my mom's friend Carl. he comes over and helps her with _______.",,,,v1.0,v1.1,,,,,Response,A unicorn that barfs rainbows.,,v1.0,,,,,,
Prompt,"On the next episode of Dora the Explorer, Dora explorers _______.",,,,v1.0,v1.1,,,,,Response,A very serious peanut allergy.,,v1.0,,,,,,
Prompt,"One nation,
under God,
indivisible,
with liberty and
______
for all.",,,beta,v1.0,,,,,,Response,A whole lot of blood.,,v1.0,,,,,,
Prompt,Our day at the water park was totally ruined by _______.,,,,v1.0,v1.1,,,,,Response,Accidentally burning down the school.,,v1.0,,,,,,
Prompt,"Outback Steakhouse: 
No rules. 
Just ______.",,,beta,v1.0,v1.1,,,,,Response,Accidentally calling the teacher ‚ÄúMom.‚Äù,,v1.0,,,,,,
Prompt,"Papa, come quickly! There, in the garden! Do you see ______? Tell me you see it, Papa!",,,,v1.0,v1.1,,,,,Response,Adults.,,v1.0,,,,,,
Prompt,"Police! 
Arrest this man! He's ______!",,,beta,v1.0,v1.1,,,,,Response,Africa.,,v1.0,,,,,,
Prompt,"Princess Marigold, the kingdom is in danger! you must stop ______.",,,,v1.0,v1.1,,,,,Response,Alone time.,,v1.0,,,,,,
Prompt,"Put on your helmet, strap on your goggles, and get ready for ______!",,,,v1.0,v1.1,,,,,Response,An independent woman.,,v1.0,,,,,,
Prompt,"Rub a dub dub, _______ in a tub!",,,,v1.0,v1.1,,,,,Response,An ugly man who eats birds.,,v1.0,,,,,,
Prompt,"Run, run, as fast as you can. 
You can't catch me, I'm ______!",,,beta,v1.0,v1.1,,,,,Response,Ants.,,v1.0,,,,,,
Prompt,"Shut up, Becky! At least I'm not ______.",,,beta,v1.0,v1.1,,,,,Response,Anxiety and depression.,,v1.0,,,,,,
Prompt,"Thanks for watching! If you want to see more vids of ______, smash that subscribe.",,,beta,v1.0,v1.1,,,,,Response,As many cheese fries as will fit in this guitar case.,,v1.0,,,,,,
Prompt,The aliens are here. They want _______ .,,,beta,v1.0,v1.1,,,,,Response,Bacne.,,v1.0,,,,,,
Prompt,The easiest way to tell me and my twin apart is that I have a freckle on my cheek and she's _______.,,,beta,v1.0,v1.1,,,,,Response,Being born from an elephant‚Äôs butt.,,v1.0,,,,,,
Prompt,"The warm August air was filled with change. Things were different, for Emily was now _______.",,,beta,,,,,,,Response,Being hunted by owls.,,v1.0,,,,,,
,"The warm August air was filled with change. Things were different, for Kayla was now _______.",,,,v1.0,v1.1,,,,,Response,Being lazy.,,v1.0,,,,,,
Prompt,There's nothing better than a peanut butter and ______ sandwich.,,,beta,v1.0,,,,,,Response,Being loud and annoying.,,v1.0,,,,,,
Prompt,"They call me ""Mr. ______.""",,,beta,v1.0,v1.1,,,,,Response,Being pregnant.,,v1.0,,,,,,
Prompt,"This is gonna be the best sleepover ever. Once Mom and Dad go to bed, it's time for ______!",,,beta,,v1.1,,,,,Response,Being trapped in a vending machine.,,v1.0,,,,,,
Prompt,"This is gonna be the best sleepover ever. Once Mom goes to bed, it's time for ______!",,,,v1.0,,,,,,Response,Being vegan.,,v1.0,,,,,,
Prompt,"Time to put on my favorite t-shirt, the one that says ""I üñ§ ______.""",,,,,v1.1,,,,,Response,Big snake!,,v1.0,,,,,,
Prompt,"Time to put on my favorite t-shirt, the one that says ""I heart ______.""",,,beta,v1.0,,,,,,Response,Biting off a man‚Äôs ear.,,v1.0,,,,,,
Prompt,"Today we honor St. Mungo, the patron saint of ______.",,,beta,,,,,,,Response,Blaming a fart on a dead relative.,,v1.0,,,,,,
Prompt,We're not supposed to go in the attic. My parents keep ______ in there.,,,beta,v1.0,v1.1,,,,,Response,Blowing kisses at the mailman.,,v1.0,,,,,,
Prompt,"We're off to see the wizard, the wonderful wizard of ______!",,,beta,v1.0,v1.1,,,,,Response,Body glitter.,,v1.0,,,,,,
Prompt,"Welcome! We're glad you're here. Now sit back, relax, and enjoy ______.",,,,v1.0,v1.1,,,,,Response,Cabbage.,,v1.0,,,,,,
Prompt,"Well, look at what we have here! A big fancy man walkin' in like he's ______.",,,beta,v1.0,v1.1,,,,,Response,Cardi B.,,v1.0,,,,,,
Prompt,"Well, look what we have here! A big fancy man walkin' in like he's ______.",,,,,,,,,,Response,"Carlos, the man who loves hamburgers.",,v1.0,,,,,,
Prompt,What killed Old Jim?,,,beta,v1.0,v1.1,,,,,Response,Cartwheeling into traffic.,,v1.0,,,,,,
Prompt,What really killed the dinosaurs?,,,,v1.0,v1.1,,,,,Response,Child labor.,,v1.0,,,,,,
Prompt,What's about to take this school dance to the next level?,,,beta,v1.0,v1.1,,,,,Response,Constipation.,,v1.0,,,,,,
Prompt,What's all fun and games until somebody gets hurts?,,,,v1.0,v1.1,,,,,Response,COVID-19.,,v1.0,,,,,,
Prompt,What's keeping Dad so busy in the garage?,,,,v1.0,v1.1,,,,,Response,DaBaby.,,v1.0,,,,,,
Prompt,"When I look in the mirror, I see ______.",written by a kid,,,,v1.1,,,,,Response,Dad's friends.,,v1.0,,,,,,
Prompt,"When I pooped, what came out of my butt?",,,beta,v1.0,v1.1,,,,,Response,Dad's nasty feet.,,v1.0,,,,,,
Prompt,Where do babies come from?,,,beta,v1.0,v1.1,,,,,Response,Dad‚Äôs head on mom‚Äôs body.,,v1.0,,,,,,
Prompt,"Whoa there, partner! Looks like _______ spooked my horse.",,,beta,v1.0,,,,,,Response,Danny DeVito.,,v1.0,,,,,,
Prompt,"You don't love me, Sam. All you care about is ______.",,,beta,v1.0,v1.1,,,,,Response,Death.,,v1.0,,,,,,
Prompt,"You're grounded, young lady! No ______ for a whole week.",written by a kid,,,,v1.1,,,,,Response,Demanding to speak to the manager.,,v1.0,,,,,,
Prompt,"Young lady, we do not allow ______ at the dinner table.",,,,v1.0,v1.1,,,,,Response,Destroying the environment.,,v1.0,,,,,,
,,,,,,,,,,,Response,"Digging a hole, pooping in the hole, falling in the hole, and dying in the hole.",,v1.0,,,,,,
Response,"""Baby Shark"" on repeat forever.",written by a kid,,,,v1.1,,,,,Response,Doing a backflip onto the toilet and immediately pooping.,,v1.0,,,,,,
Response,"14 cheeseburgers, 6 large fries, and a medium Sprite.",,,beta,v1.0,,,,,,Response,Doing Spider-Man stuff.,,v1.0,,,,,,
Response,A 40-piece Chicken McNuggets.,,,,v1.0,v1.1,,,,,Response,Drinking pee from a champagne glass.,Written by a kid,v1.0,,,,,,
Response,A baby boomer.,,,beta,,,,,,,Response,Drinking whiskey and smoking a pipe.,,v1.0,,,,,,
Response,A baby with a full mustache.,,,beta,v1.0,v1.1,,,,,Response,Driving a Barbie Jeep on the highway.,,v1.0,,,,,,
Response,A balloon filled with chili.,,,,v1.0,v1.1,,,,,Response,Drunk teachers.,,v1.0,,,,,,
Response,A bear.,,,beta,v1.0,v1.1,,,,,Response,Dua Lipa.,,v1.0,,,,,,
Response,A big rock.,,,,v1.0,v1.1,,,,,Response,Dwight from The Office.,,v1.0,,,,,,
Response,A big sad dragon with no friends.,,,beta,v1.0,v1.1,,,,,Response,Eating a bald eagle.,,v1.0,,,,,,
Response,A big wet kiss from Great Aunt Sharon.,,,,v1.0,v1.1,,,,,Response,"Eating a Christmas tree, ornaments and all.",Written by a kid,v1.0,,,,,,
Response,A big whiny cry-baby.,,,,v1.0,v1.1,,,,,Response,Eating an entire sleeve of Oreos.,,v1.0,,,,,,
Response,"A big, and I mean BIG turtle.",,,beta,v1.0,v1.1,,,,,Response,Eating movie popcorn out of the trash can.,,v1.0,,,,,,
Response,"A big, fat, wiggly, squishy, talking, screaming turd.",,,,,v1.1,,,,,Response,Eating spicy peppers and pooping fire.,,v1.0,,,,,,
Response,A bird pooping on the president's head.,,,beta,v1.0,v1.1,,,,,Response,Eating with your feet.,Written by a kid,v1.0,,,,,,
Response,A black hole.,,,beta,v1.0,v1.1,,,,,Response,Everyone being so stupid.,,v1.0,,,,,,
Response,A bountiful harvest of squashes and corns.,,,,v1.0,v1.1,,,,,Response,Falling down the stairs.,,v1.0,,,,,,
Response,A bra.,,,,v1.0,v1.1,,,,,Response,Falling into an open manhole.,,v1.0,,,,,,
Response,A bunch of dead squirrels on a trampoline.,,,beta,v1.0,v1.1,,,,,Response,Farting in my sister‚Äôs face.,Written by a kid,v1.0,,,,,,
Response,A burrito smoothie.,,,,v1.0,v1.1,,,,,Response,Farting into a saxophone.,,v1.0,,,,,,
Response,A butt that eats underwear.,,,beta,v1.0,v1.1,,,,,Response,FIRE!!!,,v1.0,,,,,,
Response,A caverperson named Helen.,written by a kid,,,,v1.1,,,,,Response,Flopping around like a fish.,,v1.0,,,,,,
Response,A chicken that has pickles as horns and a butt the size of a bus.,written by a kid,,,,v1.1,,,,,Response,Flying around in a hot air balloon pooping on people‚Äôs heads.,,v1.0,,,,,,
Response,A cloud that rains diarrhea.,,,,v1.0,v1.1,,,,,Response,French kissing a mannequin.,,v1.0,,,,,,
Response,A corn dog.,,,beta,v1.0,v1.1,,,,,Response,Front butt.,,v1.0,,,,,,
Response,A couch that eats children.,,,,v1.0,v1.1,,,,,Response,Fungus.,,v1.0,,,,,,
Response,A cow.,,,,v1.0,v1.1,,,,,Response,Getting as much egg salad as possible into my body.,,v1.0,,,,,,
Response,"A cowboy who is half boy, half cow.",,,beta,v1.0,v1.1,,,,,Response,Getting attacked by seagulls.,,v1.0,,,,,,
Response,A cursed llama with no eyes.,,,,v1.0,v1.1,,,,,Response,Getting crunched into a ball and slammed through a hoop by Lebron James.,,v1.0,,,,,,
Response,A dead body.,,,beta,v1.0,v1.1,,,,,Response,Getting decapitated by a helicopter.,,v1.0,,,,,,
Response,A dead whale.,,,beta,v1.0,v1.1,,,,,Response,Getting dumped.,,v1.0,,,,,,
Response,A Democrat.,,,beta,v1.0,v1.1,,,,,Response,Getting kicked in the head by a giraffe.,,v1.0,,,,,,
Response,A dinosaur that is pooping but doesn't know it is pooping.,written by a kid,,,,v1.1,,,,,Response,Getting kidnapped.,,v1.0,,,,,,
Response,A dog that stares into eternal nothingness.,written by a kid,,,,v1.1,,,,,Response,Getting pecked in the eyeballs by a woodpecker.,,v1.0,,,,,,
Response,A doll that pees real pee!,,,beta,v1.0,v1.1,,,,,Response,Getting plastic surgery.,,v1.0,,,,,,
Response,A fake kid made out of wood.,,,beta,v1.0,v1.1,,,,,Response,Getting struck by lightning.,,v1.0,,,,,,
Response,A flamethrower.,,,beta,v1.0,v1.1,,,,,Response,Getting taken away in an ambulance.,,v1.0,,,,,,
Response,"A gerbil named ""Gerbil.""",,,beta,v1.0,v1.1,,,,,Response,Getting tasered.,,v1.0,,,,,,
Response,A glorious beard.,,,,v1.0,v1.1,,,,,Response,Getting trapped in a porta-potty.,,v1.0,,,,,,
Response,A horse with no legs.,,,,v1.0,v1.1,,,,,Response,Giving birth to a slippery horse baby.,,v1.0,,,,,,
Response,A hot air balloon powered by fart gas.,,,beta,v1.0,v1.1,,,,,Response,Giving Grandma a sponge bath.,,v1.0,,,,,,
Response,A hug.,,,beta,v1.0,v1.1,,,,,Response,GoGurt.,,v1.0,,,,,,
Response,A huge honkin' carrot.,,,,v1.0,v1.1,,,,,Response,Going HONK-HONK like a goose.,,v1.0,,,,,,
Response,A hundred screaming monkeys.,,,beta,v1.0,v1.1,,,,,Response,Going insane.,,v1.0,,,,,,
Response,A killer clown.,,,beta,v1.0,,,,,,Response,Grabbing a pigeon and stuffing it into my pants.,,v1.0,,,,,,
Response,"A long, hot pee.",,,beta,v1.0,v1.1,,,,,Response,Grandma‚Äôs hot new boyfriend.,,v1.0,,,,,,
Response,"A long, long snake.",,,beta,v1.0,v1.1,,,,,Response,Grandpa in a Speedo.,,v1.0,,,,,,
Response,A naked lady in a painting.,,,beta,v1.0,v1.1,,,,,Response,Growing a full mustache in 30 seconds.,,v1.0,,,,,,
Response,"A nice, warm glass of pee.",,,beta,v1.0,v1.1,,,,,Response,Having a heart attack.,,v1.0,,,,,,
Response,"A pirate with two peg arms, two peg legs, and a peg head.",,,,v1.0,,,,,,Response,Hooks for hands.,,v1.0,,,,,,
Response,"A plant-devouring space-worm named ""Rachel.""",,,beta,,,,,,,Response,Hot nuts.,,v1.0,,,,,,
Response,"A Pok√©mon Named ""Jim.""",,,,v1.0,v1.1,,,,,Response,Howard.,,v1.0,,,,,,
Response,A poop as big as Mom.,,,beta,v1.0,v1.1,,,,,Response,"Humphrey, the toilet king.",,v1.0,,,,,,
Response,A pregnant person.,,,beta,v1.0,v1.1,,,,,Response,Hunky grandpa.,,v1.0,,,,,,
Response,A Pringle.,,,,v1.0,v1.1,,,,,Response,Illegal crab racing.,,v1.0,,,,,,
Response,A Republican.,,,beta,v1.0,v1.1,,,,,Response,Illegal fireworks.,,v1.0,,,,,,
Response,A scoop of tuna.,,,beta,v1.0,v1.1,,,,,Response,Infinite tacos.,,v1.0,,,,,,
Response,A screaming soccer dad.,,,beta,v1.0,v1.1,,,,,Response,Itchy butthole.,,v1.0,,,,,,
Response,A statue of a naked guy.,,,,v1.0,v1.1,,,,,Response,Joe Biden‚Äôs teeth.,,v1.0,,,,,,
Response,A super angry cat I found outside.,,,beta,v1.0,v1.1,,,,,Response,"Just hangin‚Äô out, eatin‚Äô pine cones.",,v1.0,,,,,,
Response,A tiny detective who solves tiny crimes.,,,,v1.0,,,,,,Response,Just one grape.,,v1.0,,,,,,
Response,A truck.,,,,v1.0,v1.1,,,,,Response,Kamala Harris.,,v1.0,,,,,,
Response,A turd that just won't flush.,,,beta,v1.0,v1.1,,,,,Response,Kicking butt.,,v1.0,,,,,,
Response,A whole thing of cottage cheese.,,,beta,v1.0,v1.1,,,,,Response,Lake Titicaca.,,v1.0,,,,,,
Response,"A wise, old woman with no teeth and cloudy eyes.",,,beta,v1.0,,,,,,Response,Lasers.,,v1.0,,,,,,
Response,Abraham Lincoln.,,,beta,v1.0,v1.1,,,,,Response,Lassoing old people.,,v1.0,,,,,,
Response,Acting kinda sus.,written by a kid,,,,v1.1,,,,,Response,Lawyers.,,v1.0,,,,,,
Response,Aliens.,,,,v1.0,v1.1,,,,,Response,Life.,,v1.0,,,,,,
Response,All of your teeth falling out.,,,,v1.0,v1.1,,,,,Response,"Like, whatever.",,v1.0,,,,,,
Response,An eggy smell.,,,,,v1.1,,,,,Response,Little Bunny Foo-Foo.,,v1.0,,,,,,
Response,"An invisible giant who takes giant, visible poops.",,,beta,v1.0,v1.1,,,,,Response,Living in a shack with 200 pigeons.,,v1.0,,,,,,
Response,"An old, dirty cat with bad breath.",,,beta,v1.0,v1.1,,,,,Response,Locking Dad in the basement.,,v1.0,,,,,,
Response,An order of mozzarella sticks.,,,beta,v1.0,v1.1,,,,,Response,Loneliness.,,v1.0,,,,,,
Response,An owl that hates you.,,,beta,v1.0,v1.1,,,,,Response,"Long, creepy fingers.",,v1.0,,,,,,
Response,Anime.,,,,v1.0,v1.1,,,,,Response,Lying.,,v1.0,,,,,,
Response,Anti-vaxxers.,,,,,v1.1,,,,,Response,Making boys cry.,,v1.0,,,,,,
Response,Ariana Grande.,,,beta,v1.0,v1.1,,,,,Response,Mall Santas.,,v1.0,,,,,,
Response,"Athena, Goddess of Wisdom.",,,,v1.0,,,,,,Response,Mama‚Äôs down-home cookin‚Äô.,,v1.0,,,,,,
Response,Aunt Linda.,,,beta,v1.0,v1.1,,,,,Response,Mario Kart.,,v1.0,,,,,,
Response,Baby boomers.,,,,v1.0,,,,,,Response,"Martin Luther King, Jr.",,v1.0,,,,,,
Response,Baby Yoda.,,,beta,v1.0,v1.1,,,,,Response,"Mom‚Äôs new boyfriend, Darth Maul.",,v1.0,,,,,,
Response,Bad parenting.,,,beta,v1.0,v1.1,,,,,Response,Most of a horse.,,v1.0,,,,,,
Response,Balls.,,,beta,v1.0,v1.1,,,,,Response,Mouth-to-mouth.,,v1.0,,,,,,
Response,Barf.,,,beta,v1.0,v1.1,,,,,Response,My cool gay aunt.,,v1.0,,,,,,
Response,Barfing into a popcorn bucket.,,,beta,v1.0,v1.1,,,,,Response,"My pet scorpion, Tina.",,v1.0,,,,,,
Response,Batman.,,,beta,v1.0,v1.1,,,,,Response,My stepmom.,,v1.0,,,,,,
Response,Beautiful Grandma.,,,beta,v1.0,v1.1,,,,,Response,Nipples that shoot lasers.,,v1.0,,,,,,
Response,Becoming taller and stronger than Father.,,,beta,,,,,,,Response,No pants.,,v1.0,,,,,,
Response,Becoming the president.,,,beta,,,,,,,Response,Not wiping enough.,,v1.0,,,,,,
Response,Beer.,,,beta,v1.0,v1.1,,,,,Response,Old beef.,,v1.0,,,,,,
Response,Being a dinosaur.,Written by a kid (v1.1 only),,,v1.0,v1.1,,,,,Response,Organized religion.,,v1.0,,,,,,
Response,Being adopted.,,,beta,,,,,,,Response,"Pee, but purple.",,v1.0,,,,,,
Response,Being dead.,,,beta,v1.0,v1.1,,,,,Response,Peeing in the shower.,,v1.0,,,,,,
Response,Being fake.,,,,v1.0,v1.1,,,,,Response,Piledriving my brother through the floor.,,v1.0,,,,,,
Response,Being famous on YouTube.,,,beta,v1.0,v1.1,,,,,Response,Plopping into the toilet with all my turd sisters.,,v1.0,,,,,,
Response,"Being French, hoh-hoh-hoh!",,,beta,v1.0,v1.1,,,,,Response,Pooping in a laptop and closing it.,,v1.0,,,,,,
Response,Being super serious right now.,,,beta,v1.0,v1.1,,,,,Response,Pooping while running at full speed.,,v1.0,,,,,,
Response,Bench pressing a horse.,,,beta,v1.0,v1.1,,,,,Response,Possibly a brownie or maybe a turd.,,v1.0,,,,,,
Response,Beyonc√©.,,,beta,v1.0,v1.1,,,,,Response,Punching a beehive.,,v1.0,,,,,,
Response,Big butt cheeks filled with poop.,,,beta,v1.0,v1.1,,,,,Response,Punching a clown right in the big pants.,,v1.0,,,,,,
Response,Big Mississippi boys.,,,beta,,,,,,,Response,Pushing a ham around in a stroller.,,v1.0,,,,,,
Response,Big Randy.,,,beta,v1.0,v1.1,,,,,Response,Putting 22 marshmallows in my mouth.,,v1.0,,,,,,
Response,"Big, juicy pimples.",,,beta,v1.0,v1.1,,,,,Response,Putting on a mask and a cape and going around punching people.,,v1.0,,,,,,
Response,"Big, slappy hands.",,,beta,v1.0,v1.1,,,,,Response,Putting peanut butter on one buttcheek and jelly on the other.,,v1.0,,,,,,
Response,Billie Eilish.,,,,v1.0,v1.1,,,,,Response,Quitting.,,v1.0,,,,,,
Response,Biting a rich person.,,,beta,v1.0,v1.1,,,,,Response,Rabies.,,v1.0,,,,,,
Response,Blasting farts in the powder room.,,,beta,v1.0,,,,,,Response,Raising an army of whales to attack San Francisco.,,v1.0,,,,,,
Response,Blasting my math teacher into the sun.,,,beta,v1.0,v1.1,,,,,Response,Reverse mermaids.,,v1.0,,,,,,
Response,Bleeding.,,,beta,v1.0,v1.1,,,,,Response,Romance.,,v1.0,,,,,,
Response,Blossoming into a beautiful young man.,,,beta,v1.0,,,,,,Response,Ruining Thanksgiving.,,v1.0,,,,,,
Response,Blowing up the Moon.,,,beta,v1.0,v1.1,,,,,Response,Running through a car wash naked.,,v1.0,,,,,,
Response,Bombs.,,,,v1.0,v1.1,,,,,Response,Salad.,,v1.0,,,,,,
Response,Boobies.,,,beta,v1.0,v1.1,,,,,Response,Satan.,,v1.0,,,,,,
Response,Boogers.,,,beta,v1.0,v1.1,,,,,Response,Scratching my butt and sniffing my fingers.,,v1.0,,,,,,
Response,Boys.,,,beta,v1.0,v1.1,,,,,Response,Seventy-three identical squirrels.,,v1.0,,,,,,
Response,Braiding my armpit hair.,,,,v1.0,v1.1,,,,,Response,Shame.,,v1.0,,,,,,
Response,Building a ladder of hot dogs to the moon.,,,beta,v1.0,v1.1,,,,,Response,Shaving my eyebrows off with a cheese grater.,Written by a kid,v1.0,,,,,,
Response,BULBASAUR.,,,beta,v1.0,,,,,,Response,Shirtless firemen.,,v1.0,,,,,,
Response,Burning books.,,,beta,v1.0,v1.1,,,,,Response,Short shorts.,,v1.0,,,,,,
Response,Bursting into flames.,,,beta,v1.0,v1.1,,,,,Response,Shouting ‚ÄúYee haw!‚Äù,,v1.0,,,,,,
Response,Butt hair.,,,beta,v1.0,v1.1,,,,,Response,Shoving a fork into a power outlet.,,v1.0,,,,,,
Response,Butt surgery.,,,beta,v1.0,v1.1,,,,,Response,Slow internet.,,v1.0,,,,,,
Response,Butthole.,,,beta,v1.0,v1.1,,,,,Response,Smooshing a doodie through a screen door.,,v1.0,,,,,,
Response,Butts of all shapes and sizes.,,,beta,v1.0,v1.1,,,,,Response,Sneezing barf out of my butt.,,v1.0,,,,,,
Response,Calling 9-1-1.,,,,v1.0,v1.1,,,,,Response,Snoop Dogg.,,v1.0,,,,,,
Response,Cat pee.,,,beta,v1.0,v1.1,,,,,Response,Snot rockets.,Written by a kid,v1.0,,,,,,
Response,Cavities.,,,beta,v1.0,v1.1,,,,,Response,Some kind of nacho goblin that follows me around asking for nachos.,,v1.0,,,,,,
Response,Cheeto fingers.,,,beta,v1.0,v1.1,,,,,Response,Some stinky woman who lives in the sea.,,v1.0,,,,,,
Response,Chest hair.,,,beta,v1.0,v1.1,,,,,Response,Soup.,Written by a kid,v1.0,,,,,,
Response,China.,,,beta,v1.0,v1.1,,,,,Response,Squealing like a pig.,,v1.0,,,,,,
Response,Chugging a gallon of milk and then vomiting a gallon of milk.,,,beta,v1.0,v1.1,,,,,Response,Stealing a police car.,,v1.0,,,,,,
Response,"Chungo, the talking gorilla.",,,beta,v1.0,v1.1,,,,,Response,Stealing money from old people.,,v1.0,,,,,,
Response,Chunks.,,,beta,v1.0,v1.1,,,,,Response,Stealing people‚Äôs knee caps.,,v1.0,,,,,,
Response,Cigarettes.,,,beta,v1.0,v1.1,,,,,Response,Stinking up the whole car.,,v1.0,,,,,,
Response,Clams.,,,,v1.0,v1.1,,,,,Response,Sucking at guitar.,,v1.0,,,,,,
Response,Climate change.,,,beta,v1.0,v1.1,,,,,Response,Taking a dump on the teacher‚Äôs desk.,,v1.0,,,,,,
Response,Climbing into a cow's butt.,,,beta,v1.0,v1.1,,,,,Response,TALKING REALLY LOUD.,,v1.0,,,,,,
Response,Cocktail weenies.,,,,v1.0,v1.1,,,,,Response,Talking to my sister‚Äôs dolls about life problems.,Written by a kid,v1.0,,,,,,
Response,Coffee.,,,beta,v1.0,v1.1,,,,,Response,Tasty yum-yums for my face hole.,,v1.0,,,,,,
Response,"Cold, wet garlic bread.",written by a kid,,,,v1.1,,,,,Response,Tax evasion.,,v1.0,,,,,,
Response,Coming back from the dead.,,,beta,v1.0,v1.1,,,,,Response,Taxation without representation.,,v1.0,,,,,,
Response,Complaining.,,,beta,v1.0,v1.1,,,,,Response,Terrorism.,,v1.0,,,,,,
Response,Cool sunglasses.,,,,v1.0,v1.1,,,,,Response,Thanos.,,v1.0,,,,,,
Response,Covering my body with vaseline and sliding on the floor like a slug.,written by a kid,,,,v1.1,,,,,Response,The alligator that ate Dad.,,v1.0,,,,,,
Response,Covering myself with ketchup and mustard because I am a hot dog.,,,beta,v1.0,v1.1,,,,,Response,The big parachute from gym class.,,v1.0,,,,,,
Response,Crab-walking from the toilet to get more toilet paper.,,,beta,v1.0,v1.1,,,,,Response,The biggest fork you ever saw.,,v1.0,,,,,,
Response,Cream.,,,,v1.0,v1.1,,,,,Response,The bold flavor and big crunch of Zesty Cheddar Ranch Cheez-Its.,,v1.0,,,,,,
Response,Cringe.,,Core,,,v1.1,,,,,Response,The couch.,,v1.0,,,,,,
Response,Crossbows.,,,,v1.0,,,,,,Response,The duck who eats bread out of my butt.,,v1.0,,,,,,
Response,Crying in the bathroom.,,,beta,v1.0,v1.1,,,,,Response,The fattest raccoon the world has ever known.,,v1.0,,,,,,
Response,Dad's famous poops.,,,beta,v1.0,v1.1,,,,,Response,The girl who beat me up.,,v1.0,,,,,,
Response,Dad's meatloaf.,,,beta,v1.0,v1.1,,,,,Response,The Holy Bible.,,v1.0,,,,,,
Response,Dancing with my son.,,,beta,v1.0,v1.1,,,,,Response,The janitor.,,v1.0,,,,,,
Response,Death.,,,beta,,,,,,,Response,The Pope.,,v1.0,,,,,,
Response,Deep-frying Dad's laptop.,,,,,v1.1,,,,,Response,The salami police.,,v1.0,,,,,,
Response,Defecating on the neighbor's lawn.,,,,v1.0,v1.1,,,,,Response,"The song that never ends, it just goes on and on my friends.",,v1.0,,,,,,
Response,Destroying the planet.,,,,v1.0,v1.1,,,,,Response,The Wienermobile.,,v1.0,,,,,,
Response,Diaper beans.,,,,v1.0,v1.1,,,,,Response,Theatre kids.,,v1.0,,,,,,
Response,Diarrhea.,,,beta,v1.0,v1.1,,,,,Response,Therapy.,,v1.0,,,,,,
Response,Dinner.,,,,v1.0,v1.1,,,,,Response,This big stick.,,v1.0,,,,,,
Response,Divorce.,,,,,v1.1,,,,,Response,This here pile of dog vomit.,,v1.0,,,,,,
Response,Doing crimes and going to jail.,,,,v1.0,v1.1,,,,,Response,"Thongs, the underwear that goes up your butt.",,v1.0,,,,,,
Response,Doing karate.,,,beta,v1.0,v1.1,,,,,Response,Throwing pickles at passing cars.,Written by a kid,v1.0,,,,,,
Response,Dora the Explorer.,,,,v1.0,v1.1,,,,,Response,Throwing rocks at stuff.,,v1.0,,,,,,
Response,Drama!,,,,v1.0,v1.1,,,,,Response,"Throwing your dad into a dumpster and yelling, ‚ÄúNow I am dad!‚Äù",,v1.0,,,,,,
Response,Dreaming about boys.,,,beta,v1.0,v1.1,,,,,Response,Tickling Mom ‚Äôtil she pees.,,v1.0,,,,,,
Response,Drinking a whole bottle of ranch.,,,beta,v1.0,v1.1,,,,,Response,Tofu.,,v1.0,,,,,,
Response,Drinking gasoline to see what it tastes like.,,,beta,,,,,,,Response,Toilet piranhas.,,v1.0,,,,,,
Response,Drinking out of the toilet and eating garbage.,,,beta,v1.0,v1.1,,,,,Response,Touching poo.,,v1.0,,,,,,
Response,Dumbness.,,,,,v1.1,,,,,Response,Transferring my consciousness into a guinea pig.,,v1.0,,,,,,
Response,Dump cake.,,,beta,v1.0,,,,,,Response,Trying really hard not to cry.,,v1.0,,,,,,
Response,"Dwayne ""The Rock"" Johnson.",,,beta,v1.0,v1.1,,,,,Response,"Turkey sauce, the sauce that comes out of a turkey.",,v1.0,,,,,,
Response,Dying of old age.,,,beta,v1.0,v1.1,,,,,Response,Two buttholes.,,v1.0,,,,,,
Response,Ear wax.,,,,v1.0,v1.1,,,,,Response,Unemployment.,,v1.0,,,,,,
Response,Eating a baby.,,,beta,,,,,,,Response,Vaping.,,v1.0,,,,,,
Response,Eating a burger while farting on a manatee.,written by a kid,,,,v1.1,,,,,Response,Violent video games.,,v1.0,,,,,,
Response,"Eating a ham and cheese sandwich on March 24, 2022.",written by a kid,,,,v1.1,,,,,Response,Walking around with a big magnifying glass going ‚Äúhmmmmm.‚Äù,,v1.0,,,,,,
Response,Eating a lightning bug to gain its lightning powers.,,,,v1.0,v1.1,,,,,Response,War crimes.,,v1.0,,,,,,
Response,"Eating a rock, getting the rock stuck in your stomach, swallowing a second rock to push out the first rock, then getting that rock stuck, and then having to go to the emergency room.",,,,,v1.1,,,,,Response,Washing my butt with soap and water.,,v1.0,,,,,,
Response,Eating a whole roll of toilet paper.,,,beta,v1.0,v1.1,,,,,Response,Watching you poop.,,v1.0,,,,,,
Response,Eating bicycles to somehow become famous.,written by a kid,,,,v1.1,,,,,Response,Wearing a wig and high heels.,,v1.0,,,,,,
Response,Eating pasta out of my pants.,,,,v1.0,v1.1,,,,,Response,Yoga.,,v1.0,,,,,,
Response,Eating people.,,,,v1.0,v1.1,,,,,Response,Zipping my little brother into a suitcase.,,v1.0,,,,,,
Response,Eating toenail clippings.,,,beta,v1.0,v1.1,,,,,,,,,,,,,,
Response,Egg salad.,,,,v1.0,v1.1,,,,,,,TOTALS:,300,0,0,0,0,0,0
Response,Eight hours of video games.,,,,v1.0,v1.1,,,,,,,,,,,,,,
Response,Elegant party hats.,Written by a kid,,beta,v1.0,v1.1,,,,,Set,Written By Kids Pack - Family Edition,Special,v1.0,,,,,,
Response,Ellen.,,,,v1.0,v1.1,,,,,,"30 cards 
Released: August 1, 2022. 
Icon: A pencil",,,,,,,,
Response,Emotions.,,,,v1.0,v1.1,,,,,,,,,,,,,,
Response,Evil.,,,beta,v1.0,v1.1,,,,,Prompt,"Ah HA! It was Professor Plum, in the Library, with ______!",Written by a kid,v1.0,,,,,,
Response,Exploding.,,,,v1.0,v1.1,,,,,Prompt,"Mommy, there's a monster under my bed and he wants ______.",Written by a kid,v1.0,,,,,,
Response,Extra-warm Pepsi,,,,v1.0,v1.1,,,,,Prompt,"My all-time favorite book is ""The Lion, The Witch, and ______.""",Written by a kid,v1.0,,,,,,
Response,Extremely tight underpants.,,,,v1.0,v1.1,,,,,Prompt,"No, Josh may not come over. He has yet to apologize for ______.",Written by a kid,v1.0,,,,,,
Response,Failure.,,,beta,v1.0,v1.1,,,,,,,,,,,,,,
Response,Fake news.,,,beta,v1.0,v1.1,,,,,Response,A cow that farts cows.,Written by a kid,v1.0,,,,,,
Response,Falling in love with a hot dog.,,,,v1.0,v1.1,,,,,Response,A golf course full of landmines.,Written by a kid,v1.0,,,,,,
Response,Falling in love.,,,beta,v1.0,,,,,,Response,A water bottle that drinks people.,Written by a kid,v1.0,,,,,,
Response,Falling off a mountain.,,,,v1.0,v1.1,,,,,Response,Bathing in Spaghetti-Os.,Written by a kid,v1.0,,,,,,
Response,Famous peanut scientist George Washington Carver.,,,beta,v1.0,v1.1,,,,,Response,Chicken nuggies!,Written by a kid,v1.0,,,,,,
Response,Farting a lot today.,,,beta,v1.0,v1.1,,,,,Response,"Creepy Jim, a 45-year-old man who lives in a pine tree.",Written by a kid,v1.0,,,,,,
Response,Farting and walking away.,,,beta,v1.0,v1.1,,,,,Response,Dad's anger management problems.,Written by a kid,v1.0,,,,,,
Response,"Farting, barfing, and passing out.",,,beta,v1.0,v1.1,,,,,Response,Evil walking pants.,Written by a kid,v1.0,,,,,,
Response,"Fartus Magnimus, God of Beans",,,,v1.0,v1.1,,,,,Response,Getting beaten up by a kangaroo.,Written by a kid,v1.0,,,,,,
Response,Fat stacks of cash.,,,beta,v1.0,v1.1,,,,,Response,Getting rickrolled.,Written by a kid,v1.0,,,,,,
Response,Father's forbidden chocolates.,,,beta,v1.0,,,,,,Response,"Having a dream about peeing, and then actually peeing.",Written by a kid,v1.0,,,,,,
Response,Feasting upon human flesh.,,,beta,,,,,,,Response,Having an emotional breakdown.,Written by a kid,v1.0,,,,,,
Response,Feet.,,,,v1.0,v1.1,,,,,Response,Intensely staring into a horse's butt.,Written by a kid,v1.0,,,,,,
Response,Feminism.,,,beta,v1.0,v1.1,,,,,Response,Jumping on a trampoline naked.,Written by a kid,v1.0,,,,,,
Response,Filling my butt with spaghetti.,,,beta,v1.0,v1.1,,,,,Response,Kyle's glistening abs.,Written by a kid,v1.0,,,,,,
Response,Finding Waldo.,,,,v1.0,v1.1,,,,,Response,Leaving the door open while pooping.,Written by a kid,v1.0,,,,,,
Response,Finger teeth.,,,beta,,,,,,,Response,Mom's bad cooking.,Written by a kid,v1.0,,,,,,
Response,Fire farts.,,,beta,v1.0,v1.1,,,,,Response,Mystery meat.,Written by a kid,v1.0,,,,,,
Response,Flamin' Hot Cheetos.,,,beta,v1.0,v1.1,,,,,Response,Not having a future to look forward to because the planet is dying.,Written by a kid,v1.0,,,,,,
Response,Floating through the void of space and time.,,,beta,v1.0,,,,,,Response,Pooping on the lawn and lighting it on fire and dancing around the flaming poop.,Written by a kid,v1.0,,,,,,
Response,Flushing myself down the toilet.,,,beta,v1.0,v1.1,,,,,Response,Rubbing butter all over my body.,Written by a kid,v1.0,,,,,,
Response,FOOOOD FIIIIIIIIIIIIIIIIIIGHT!!!,,,,v1.0,v1.1,,,,,Response,"Tears, pain, death, and destruction. ",Written by a kid,v1.0,,,,,,
Response,Forgetting to put on underwear.,,,beta,v1.0,v1.1,,,,,Response,The goat man who lives in the basement.,Written by a kid,v1.0,,,,,,
Response,Fortnite.,,,beta,v1.0,,,,,,Response,Vomiting with style. ,Written by a kid,v1.0,,,,,,
Response,"Free ice cream, yo.",,,,v1.0,,,,,,Response,Wearing a monocle and talking like a British man.,Written by a kid,v1.0,,,,,,
Response,Freeing a fart from its butt prison.,,,beta,v1.0,v1.1,,,,,,Wearing my mother's bra.,Written by a kid,v1.0,,,,,,
Response,Freeing all the animals from the zoo.,,,,v1.0,v1.1,,,,,,,,,,,,,,
Response,Garbage.,,,beta,v1.0,v1.1,,,,,,TOTALS:,,30,0,0,0,0,0,0
Response,Germs.,,,,v1.0,v1.1,,,,,,,,,,,,,,
Response,Getting a girlfriend.,,,beta,v1.0,v1.1,,,,,Set,School Sucks Pack,Special,V1.0,,,,,,
Response,Getting a skull tattoo.,,,beta,v1.0,v1.1,,,,,,"You know it, they know it: school sucks. Express your frustration with being forced to sit in a plastic chair and memorize pointless facts for eight hours a day with cards like ""Paying Dad five dollars to do my homework"" and ""Being unable to learn, because I am a pine cone.""

Release Date: 08.01.2023
Icon: paper airplane",,,,,,,,
Response,Getting crushed by a piano.,,,beta,v1.0,v1.1,,,,,,,,,,,,,,
Response,Getting drunk.,,,beta,,,,,,,Prompt,"Alright, which one of you kids has been typing ""______"" into YouTube?",,v1.0,,,,,,
Response,Getting hit by an airplane.,written by a kid,,,,v1.1,,,,,Prompt,Hey kids! Are you ready for the best summer ever? Welcome to Camp ______!,,v1.0,,,,,,
Response,Getting hit in the face with a soccer ball.,,,,v1.0,v1.1,,,,,Prompt,"Oh noooooo, the substitute teacher is ______!",,v1.0,,,,,,
Response,Getting kicked in the nuts.,,,beta,v1.0,v1.1,,,,,Prompt,That's not fair! You can't give me detention for ______.,,v1.0,,,,,,
Response,Getting launched into space.,,,,v1.0,v1.1,,,,,Prompt,What's pretty much the stupidest thing in the world?,,v1.0,,,,,,
Response,Getting married.,,,beta,v1.0,v1.1,,,,,,,,,,,,,,
Response,Getting my ponytail stuck in my butt.,,,beta,v1.0,v1.1,,,,,Response,Barfing mustard.,,v1.0,,,,,,
Response,Getting naked.,,,beta,v1.0,v1.1,,,,,Response,Being bad at school but good at microwaving burritos.,,v1.0,,,,,,
Response,Getting run over by a train.,,,beta,v1.0,v1.1,,,,,Response,Being forced by the government to go to school for eight hours a day.,,v1.0,,,,,,
Response,Getting scalded in the face with hot beans.,,,beta,v1.0,v1.1,,,,,Response,Being unable to learn because I am a pinecone.,,v1.0,,,,,,
Response,Getting shot out of a cannon.,,,beta,v1.0,v1.1,,,,,Response,Boring stuff that nobody cares about.,,v1.0,,,,,,
Response,Getting slapped with a fish.,,,beta,v1.0,v1.1,,,,,Response,Cheating.,,v1.0,,,,,,
Response,Getting stuck in the toilet.,,,beta,v1.0,v1.1,,,,,Response,Disappointing your parents.,,v1.0,,,,,,
Response,Getting sucked into a jet engine.,,,beta,v1.0,v1.1,,,,,Response,Ditching school.,,v1.0,,,,,,
Response,Getting trampled by horses.,,,,v1.0,v1.1,,,,,Response,Driving around town in a tank.,,v1.0,,,,,,
Response,Giggling and farting and slurping milkshakes.,,,beta,v1.0,v1.1,,,,,Response,Everyone in class pooping their pants at the same time.,,v1.0,,,,,,
Response,Girls.,,,beta,v1.0,v1.1,,,,,Response,Farting in my sister's lunchbox and closing it.,,v1.0,,,,,,
Response,Giving wedgies to my haters.,,,,v1.0,v1.1,,,,,Response,Getting picked last.,,v1.0,,,,,,
Response,Glen's fabulous body.,,,beta,v1.0,v1.1,,,,,Response,Getting your tongue stuck in a vacuum cleaner.,,v1.0,,,,,,
Response,Gluing my butt cheeks together.,,,beta,v1.0,v1.1,,,,,Response,Going to school naked.,,v1.0,,,,,,
Response,Gluten.,,,,v1.0,v1.1,,,,,Response,Graduating from Idiot University with a degree in Stupid.,,v1.0,,,,,,
Response,Goblins.,,,,v1.0,v1.1,,,,,Response,Hijacking the schoolbus and driving it straight to Six Flags.,,v1.0,,,,,,
Response,Going around sniffing people's armpits.,,,beta,v1.0,v1.1,,,,,Response,Not doing my homework.,,v1.0,,,,,,
Response,Going bald.,,,beta,v1.0,v1.1,,,,,Response,Not knowing what a triangle is.,,v1.0,,,,,,
Response,Going beast mode.,,,beta,v1.0,v1.1,,,,,Response,Paying Dad five dollars to do my homework.,,v1.0,,,,,,
Response,Going live on Zoom without pants on.,written by a kid,,,,v1.1,,,,,Response,Poop poop poop poop poop poop poop poop poop poop poop poop poop poop poop poop poop poop poop poop poop poop poop poop poop poop poop ,,v1.0,,,,,,
Response,Going night-night.,,,beta,v1.0,v1.1,,,,,Response,Rejecting modern society and living life as a raccoon.,,v1.0,,,,,,
Response,Going to Hell.,,,beta,v1.0,v1.1,,,,,Response,"Screaming ""I AM A MOSQUITO!"" and running around biting people.",,v1.0,,,,,,
Response,Going to the emergency room.,,,,v1.0,v1.1,,,,,Response,Stealing a penguin and taking it home in your backpack.,,v1.0,,,,,,
Response,GOOOAAALLLL!!!!!,,,,v1.0,v1.1,,,,,Response,The answers to tomorrow's math test.,,v1.0,,,,,,
Response,Grandma panties.,,,beta,v1.0,v1.1,,,,,Response,Throwing a water balloon full of horse pee at the teacher.,,v1.0,,,,,,
Response,Grandpa.,,,beta,v1.0,v1.1,,,,,,,,,,,,,,
Response,Greta Thunberg.,,,beta,v1.0,,,,,,,TOTALS:,,30,0,0,0,0,0,0
Response,Guacamole.,,,,v1.0,v1.1,,,,,,,,,,,,,,
Response,"Hades, God of the Underworld.",,,,v1.0,,,,,,Set,Smarty Pants Pack,Duplicates,V1.0,,,,,,
Response,Ham.,,,beta,v1.0,v1.1,,,,,,"Are your frightened by your child's formidable intellect? Then your family will love the all-new Smarty Pants Pack, with deliciously cerebral cards like ""Calculating the volume of a sphere,"" ""Getting my butt stuck in a black hole,"" and ""An authentic 250-year-old George Washington turd.""

Release Date: 08.01.2023
Icon: A graduation cap",,v1.0,,,,,,
Response,Hanging out with Zendaya.,,,,v1.0,v1.1,,,,,,,,,,,,,,
Response,Happiness.,,,,v1.0,v1.1,,,,,Prompt,"Alright, class. Projects are due this Friday, and don't forget: you get extra credit for _______!",,v1.0,,,,,,
Response,Happy daddies with happy sandals.,,,beta,v1.0,v1.1,,,,,Prompt,Archaeologists now believe that Ancient Egyptians worshipped _______.,,v1.0,,,,,,
Response,Harry Potter.,,,beta,v1.0,v1.1,,,,,Prompt,"Behold, I have pulled the sword from the stone! I am now the King of _______.",,v1.0,,,,,,
Response,Having a baby.,,,beta,v1.0,v1.1,,,,,Prompt,"Hey Mom?
Can you sign this permission slip for _______?",,v1.0,,,,,,
Response,Having a really big head.,,,beta,v1.0,v1.1,,,,,Prompt,I am very smart. I am currently reading a 500-page book about _______.,,v1.0,,,,,,
Response,Having many husbands.,,,beta,v1.0,v1.1,,,,,,,,,,,,,,
Response,Having no bones.,,,beta,v1.0,v1.1,,,,,Response,A gerbil-powered spanking machine.,,v1.0,,,,,,
Response,Having no friends.,,,beta,v1.0,v1.1,,,,,Response,A rectal thermometer.,,v1.0,,,,,,
Response,Having no idea what's going on.,,,,v1.0,v1.1,,,,,Response,An authentic 250-year-old George Washington turd.,,v1.0,,,,,,
Response,Having to pee so bad.,,,beta,v1.0,,,,,,Response,Angering the gods.,,v1.0,,,,,,
Response,Having too many fingers.,,,,,v1.1,,,,,Response,Calculating the volume of a sphere.,,v1.0,,,,,,
Response,Hogs.,,,beta,v1.0,v1.1,,,,,Response,"Dandruff, the forbidden protein.",,v1.0,,,,,,
Response,Homework.,,,,v1.0,v1.1,,,,,Response,Dead dead dead dinosaurs.,,v1.0,,,,,,
Response,Horrible allergies.,,,beta,v1.0,v1.1,,,,,Response,Former President Donald Trump.,,v1.0,,,,,,
Response,Hot gossip.,,,,v1.0,v1.1,,,,,Response,Getting my butt stuck in a black hole.,,v1.0,,,,,,
Response,Hot lava.,,,,v1.0,v1.1,,,,,Response,"Golf 2,
now with swords!",,v1.0,,,,,,
Response,Hot wet garbage.,written by a kid,,,,v1.1,,,,,Response,How stupid the teacher is.,,v1.0,,,,,,
Response,"Hot, fresh doodies.",,,beta,v1.0,v1.1,,,,,Response,"Intelligent kids, such as myself.",,v1.0,,,,,,
Response,"Hot, juicy broccoli farts.",written by a kid,,,,v1.1,,,,,Response,Math camp.,Hot Box,v1.0,,,,,,
Response,How much wood a woodchuck would chuck if a woodchuck could chuck wood.,,,beta,v1.0,v1.1,,,,,Response,No longer going to school because I already know everything.,,v1.0,,,,,,
Response,How school slowly breaks your spirit and drains your will to live.,,,,v1.0,v1.1,,,,,Response,"Pingus Pongus, God of Ping Pong.",,v1.0,,,,,,
Response,Huge pants.,,,beta,v1.0,v1.1,,,,,Response,Plagiarism.,,v1.0,,,,,,
Response,"Huge, hairy men.",,,beta,,,,,,,Response,Pronouns.,,v1.0,,,,,,
Response,Hunky men.,written by a kid,,,,v1.1,,,,,Response,Separating a baby corn from its mother.,,v1.0,,,,,,
Response,Hurting people's feelings.,,,beta,,,,,,,Response,Setting stuff on fire with your MIND.,,v1.0,,,,,,
Response,Ice pee.,,,,v1.0,v1.1,,,,,Response,"Showgurt:
the yogurt that makes you tap dance.",,v1.0,,,,,,
Response,Idiots.,,,beta,v1.0,v1.1,,,,,Response,Stress.,,v1.0,,,,,,
Response,Illegal drugs.,,,beta,v1.0,v1.1,,,,,Response,Sucking at sports.,,v1.0,,,,,,
Response,Jesus.,,,beta,v1.0,v1.1,,,,,Response,The president of Chess Club.,,v1.0,,,,,,
Response,JOHN CENAAAAA!,,,,,v1.1,,,,,Response,THE SUN!,,v1.0,,,,,,
Response,John Wilkes Booth.,,,beta,v1.0,v1.1,,,,,Response,Wearing glasses and sounding smart.,Blue,v1.0,,,,,,
Response,Joining the army.,,,,v1.0,v1.1,,,,,,,,,,,,,,
Response,JoJo Siwa.,,,beta,v1.0,v1.1,,,,,,TOTALS:,,30,0,0,0,0,0,0
Response,Josh.,,,beta,v1.0,v1.1,,,,,,,,,,,,,,
Response,Kevin's mom.,,,beta,v1.0,v1.1,,,,,,,,,,,,,,
Response,Kissing mom on the lips.,,,beta,,,,,,,,,,,,,,,,
Response,Kissing Mom on the lips.,,,,v1.0,v1.1,,,,,,,,,,,,,,
Response,Knives.,,,beta,v1.0,v1.1,,,,,,,,,,,,,,
Response,LeBron James,,,,v1.0,v1.1,,,,,,,,,,,,,,
Response,Legs.,,,beta,v1.0,v1.1,,,,,,,,,,,,,,
Response,Lice.,,,beta,v1.0,v1.1,,,,,,,,,,,,,,
Response,Licking a goat.,,,,v1.0,v1.1,,,,,,,,,,,,,,
Response,Licking a used bandaid.,,,beta,,,,,,,,,,,,,,,,
Response,Licking a used band-aid.,,,,v1.0,v1.1,,,,,,,,,,,,,,
Response,Lighting stuff on fire.,,,beta,v1.0,v1.1,,,,,,,,,,,,,,
Response,Like a million alligators.,,,,v1.0,v1.1,,,,,,,,,,,,,,
Response,Likes.,,,,v1.0,v1.1,,,,,,,,,,,,,,
Response,Lil Nas X.,,,,v1.0,v1.1,,,,,,,,,,,,,,
Response,Literally dying from the smell of a fart.,,,,v1.0,v1.1,,,,,,,,,,,,,,
Response,Literally ruining my life.,,,beta,v1.0,v1.1,,,,,,,,,,,,,,
Response,Living in a pineapple under the sea.,,,beta,v1.0,v1.1,,,,,,,,,,,,,,
Response,Living in the dumpster.,,,beta,v1.0,v1.1,,,,,,,,,,,,,,
Response,Locking Mother in the pantry.,,,beta,v1.0,v1.1,,,,,,,,,,,,,,
Response,Looking into people's windows.,,,beta,v1.0,v1.1,,,,,,,,,,,,,,
Response,Love.,,,,v1.0,v1.1,,,,,,,,,,,,,,
Response,Lovingly placing two bagel bites over the eyes of my dead brother.,,,,,v1.1,,,,,,,,,,,,,,
Response,"Magic:
The Gathering.",,,,v1.0,,,,,,,,,,,,,,,
Response,Magical corn that makes you fart rainbows.,,,,,v1.1,,,,,,,,,,,,,,
Response,Making out in a closet.,,,beta,,,,,,,,,,,,,,,,
Response,Making the bathroom smell.,,,,v1.0,v1.1,,,,,,,,,,,,,,
Response,Making the bees angry.,,,,v1.0,v1.1,,,,,,,,,,,,,,
Response,Many wolves.,,,beta,v1.0,v1.1,,,,,,,,,,,,,,
Response,Martin Luther King Jr.,,,beta,,,,,,,,,,,,,,,,
Response,Mashing a banana into your belly button.,,,beta,v1.0,v1.1,,,,,,,,,,,,,,
Response,Math.,,,,v1.0,v1.1,,,,,,,,,,,,,,
Response,Mayonnaise.,,,beta,v1.0,v1.1,,,,,,,,,,,,,,
Response,"Me, your dad.",,,beta,v1.0,v1.1,,,,,,,,,,,,,,
Response,Me.,,,beta,v1.0,v1.1,,,,,,,,,,,,,,
Response,Meat blindness.,,,,,v1.1,,,,,,,,,,,,,,
Response,"Meatballs,
meatballs,
meatballs!",,,,v1.0,v1.1,,,,,,,,,,,,,,
Response,Mom's butt.,,,beta,v1.0,v1.1,,,,,,,,,,,,,,
Response,"Mom's friend, Donna.",,,beta,v1.0,v1.1,,,,,,,,,,,,,,
Response,Mom's new haircut.,,,beta,v1.0,v1.1,,,,,,,,,,,,,,
Response,Mom's spaghetti.,,,,v1.0,v1.1,,,,,,,,,,,,,,
Response,Money.,,,,v1.0,v1.1,,,,,,,,,,,,,,
Response,Mooing.,,,,v1.0,v1.1,,,,,,,,,,,,,,
Response,Most of a horse.,,,beta,,,,,,,,,,,,,,,,
Response,Moving to Ohio.,,,beta,v1.0,v1.1,,,,,,,,,,,,,,
Response,Mowing the stupid lawn.,,,beta,v1.0,v1.1,,,,,,,,,,,,,,
Response,Murdering.,,,beta,v1.0,v1.1,,,,,,,,,,,,,,
Response,My annoying brother.,,,beta,v1.0,v1.1,,,,,,,,,,,,,,
Response,My annoying sister.,,,beta,v1.0,v1.1,,,,,,,,,,,,,,
Response,My big donkey brother.,,,beta,v1.0,v1.1,,,,,,,,,,,,,,
Response,My chainsaw.,,,,v1.0,v1.1,,,,,,,,,,,,,,
Response,My dang kids.,,,,v1.0,v1.1,,,,,,,,,,,,,,
Response,My ex-wife.,,Core,,,v1.1,,,,,,,,,,,,,,
Response,"My father, who is a walrus.",,,beta,v1.0,v1.1,,,,,,,,,,,,,,
Response,My followers.,,,,v1.0,,,,,,,,,,,,,,,
Response,My friend Steve.,,,,v1.0,v1.1,,,,,,,,,,,,,,
Response,My future husband.,,,beta,v1.0,v1.1,,,,,,,,,,,,,,
Response,"My girlfriend, who goes to another school.",,,beta,v1.0,v1.1,,,,,,,,,,,,,,
Response,My parents.,,,beta,v1.0,v1.1,,,,,,,,,,,,,,
Response,My sister's hair all over the place.,,,,v1.0,,,,,,,,,,,,,,,
Response,My sister's stupid boyfriend.,,,beta,v1.0,,,,,,,,,,,,,,,
Response,"My strong, terrifying daughter.",,,,v1.0,v1.1,,,,,,,,,,,,,,
Response,My whole body getting big and strong and beautiful.,,,,v1.0,v1.1,,,,,,,,,,,,,,
Response,Naked people.,,,beta,v1.0,v1.1,,,,,,,,,,,,,,
Response,Naptime.,,,,v1.0,,,,,,,,,,,,,,,
Response,Nasty Cousin Amber.,,,,v1.0,v1.1,,,,,,,,,,,,,,
Response,Never showering.,,,beta,v1.0,v1.1,,,,,,,,,,,,,,
Response,"Niagara Falls, but with diarrhea instead of water.",written by a kid,,,,v1.1,,,,,,,,,,,,,,
Response,Ninjas.,,,,v1.0,v1.1,,,,,,,,,,,,,,
Response,Nipples.,,,beta,v1.0,v1.1,,,,,,,,,,,,,,
Response,Not breathing.,,,,v1.0,v1.1,,,,,,,,,,,,,,
Response,Not wearing pants.,,,beta,v1.0,v1.1,,,,,,,,,,,,,,
Response,Nothing.,,,beta,v1.0,v1.1,,,,,,,,,,,,,,
Response,Nuclear war.,,,,v1.0,v1.1,,,,,,,,,,,,,,
Response,Nunchucks.,written by a kid,,beta,v1.0,,,,,,,,,,,,,,,
Response,Obama.,,,beta,v1.0,v1.1,,,,,,,,,,,,,,
Response,Old Jim's Steamy Butt Sauce.,,,beta,v1.0,v1.1,,,,,,,,,,,,,,
Response,Old people.,,,beta,v1.0,v1.1,,,,,,,,,,,,,,
Response,One long hair growing out of a mole.,,,beta,v1.0,v1.1,,,,,,,,,,,,,,
Response,One tough mama.,,,beta,v1.0,v1.1,,,,,,,,,,,,,,
Response,One weird lookin' toe.,,,beta,v1.0,v1.1,,,,,,,,,,,,,,
Response,Only beans.,,,beta,v1.0,v1.1,,,,,,,,,,,,,,
Response,Outback Steakhouse.,,,,v1.0,v1.1,,,,,,,,,,,,,,
Response,Overthrowing the government.,,,beta,v1.0,v1.1,,,,,,,,,,,,,,
Response,Pantaloons.,written by a kid,,,,v1.1,,,,,,,,,,,,,,
Response,Pee-pee.,,,beta,v1.0,v1.1,,,,,,,,,,,,,,
Response,Peeing in a glorious golden arc.,written by a kid,,beta,,v1.1,,,,,,,,,,,,,,
Response,Peeing in my backpack.,,,,v1.0,v1.1,,,,,,,,,,,,,,
Response,Peeing in the cat's litter box.,,,,v1.0,v1.1,,,,,,,,,,,,,,
Response,Peeing into everyone's mouth.,written by a kid,,beta,v1.0,v1.1,,,,,,,,,,,,,,
Response,Peeing on my poopy.,written by a kid,,,v1.0,v1.1,,,,,,,,,,,,,,
Response,Peeing sand.,,,,v1.0,v1.1,,,,,,,,,,,,,,
Response,Peer pressure.,,,beta,v1.0,v1.1,,,,,,,,,,,,,,
Response,Person milk.,,,beta,v1.0,v1.1,,,,,,,,,,,,,,
Response,Picking my nose and eating it.,,,,v1.0,v1.1,,,,,,,,,,,,,,
Response,Pink eye.,,,,v1.0,v1.1,,,,,,,,,,,,,,
Response,Pirate music.,,,,v1.0,v1.1,,,,,,,,,,,,,,
Response,Pizza.,,,beta,v1.0,,,,,,,,,,,,,,,
Response,Playing trumpet for the mayor.,,,beta,,,,,,,,,,,,,,,,
Response,Playing trumpet for the Mayor.,,,,v1.0,v1.1,,,,,,,,,,,,,,
Response,Poison.,,,,v1.0,v1.1,,,,,,,,,,,,,,
Response,Politics.,,,beta,v1.0,v1.1,,,,,,,,,,,,,,
Response,Poo-poo.,,,beta,v1.0,v1.1,,,,,,,,,,,,,,
Response,Poop from the sky,written by a kid,,,,v1.1,,,,,,,,,,,,,,
Response,Pooping barf forever.,witten by a kid,,beta,v1.0,v1.1,,,,,,,,,,,,,,
Response,Pooping in a bag and lighting it on fire.,,,,v1.0,v1.1,,,,,,,,,,,,,,
Response,Pooping on the neighbor's lawn.,,,beta,,,,,,,,,,,,,,,,
Response,Pork.,,,beta,v1.0,v1.1,,,,,,,,,,,,,,
Response,"Poseidon, Lord of the Sea.",,,beta,v1.0,,,,,,,,,,,,,,,
Response,Practicing kissing.,,,,v1.0,v1.1,,,,,,,,,,,,,,
Response,Principal Butthead.,,,beta,v1.0,v1.1,,,,,,,,,,,,,,
Response,Puberty.,,,beta,v1.0,v1.1,,,,,,,,,,,,,,
Response,Punching a guy through a wall.,,,beta,v1.0,v1.1,,,,,,,,,,,,,,
Response,Punching everyone.,,,beta,v1.0,v1.1,,,,,,,,,,,,,,
Response,Putting an apple in a little boy's mouth and roasting him for dinner.,,,beta,v1.0,v1.1,,,,,,,,,,,,,,
Response,Putting my brain into the body of a tiger.,,,beta,,,,,,,,,,,,,,,,
Response,Putting my butt on stuff.,,,beta,v1.0,v1.1,,,,,,,,,,,,,,
Response,Questioning authority.,,,beta,v1.0,v1.1,,,,,,,,,,,,,,
Response,"Racism, sexism, and homophobia.",,,beta,v1.0,v1.1,,,,,,,,,,,,,,
Response,Raisins.,,,,,v1.1,,,,,,,,,,,,,,
Response,Rated-R stuff.,,,beta,v1.0,v1.1,,,,,,,,,,,,,,
Response,Ratzilla.,,,,v1.0,v1.1,,,,,,,,,,,,,,
Response,Reading my sister's diary.,,,,v1.0,v1.1,,,,,,,,,,,,,,
Response,Really bad Dad jokes.,written by a kid,,,,v1.1,,,,,,,,,,,,,,
Response,Releasing the falcons!,,,,v1.0,v1.1,,,,,,,,,,,,,,
Response,Respecting personal boundaries.,,,beta,v1.0,v1.1,,,,,,,,,,,,,,
Response,Rich people.,,,beta,v1.0,v1.1,,,,,,,,,,,,,,
Response,Robbing a bank.,,,,v1.0,,,,,,,,,,,,,,,
Response,Rubbing lotion on a hairless cat.,,,,v1.0,v1.1,,,,,,,,,,,,,,
Response,Running away from home.,,,beta,v1.0,,,,,,,,,,,,,,,
Response,Running full speed into a wall.,,,beta,v1.0,v1.1,,,,,,,,,,,,,,
Response,Sacrificing Uncle Tim.,,,beta,v1.0,v1.1,,,,,,,,,,,,,,
Response,Sadness.,,,,v1.0,v1.1,,,,,,,,,,,,,,
Response,Salmon.,,,,v1.0,v1.1,,,,,,,,,,,,,,
Response,Santa Claus.,,,,v1.0,v1.1,,,,,,,,,,,,,,
Response,Satan.,,,beta,,,,,,,,,,,,,,,,
Response,Saving up my boogers for ten years and then building the world's largest booger.,,,beta,v1.0,v1.1,,,,,,,,,,,,,,
Response,"Saying ""I love you.""",,,,,v1.1,,,,,,,,,,,,,,
Response,Saying mean stuff and making people feel bad.,,,,v1.0,v1.1,,,,,,,,,,,,,,
Response,School.,,,,v1.0,v1.1,,,,,,,,,,,,,,
Response,Science.,,,,v1.0,v1.1,,,,,,,,,,,,,,
Response,Screaming and screaming and never waking up.,,,beta,v1.0,,,,,,,,,,,,,,,
Response,Screaming at birds.,,,,v1.0,v1.1,,,,,,,,,,,,,,
Response,Screaming into a can of Pringles.,,,beta,v1.0,v1.1,,,,,,,,,,,,,,
Response,Screaming the F-word.,,,beta,v1.0,v1.1,,,,,,,,,,,,,,
Response,Seymour Butts.,,,beta,v1.0,v1.1,,,,,,,,,,,,,,
Response,Sharks with legs.,,,,v1.0,v1.1,,,,,,,,,,,,,,
Response,Sharks.,,,beta,,,,,,,,,,,,,,,,
Response,Shaving Dad's back.,,,beta,v1.0,v1.1,,,,,,,,,,,,,,
Response,Shoplifting.,,,beta,v1.0,v1.1,,,,,,,,,,,,,,
Response,Showing everyone my butt.,,,,v1.0,v1.1,,,,,,,,,,,,,,
Response,Shrek.,,,beta,v1.0,v1.1,,,,,,,,,,,,,,
Response,Shutting up.,,,beta,v1.0,v1.1,,,,,,,,,,,,,,
Response,SILENCE!,,,beta,,,,,,,,,,,,,,,,
Response,Silence.,,,,v1.0,v1.1,,,,,,,,,,,,,,
Response,"Sitting atop a pile of tuna, like some kind of tuna queen.",,,,v1.0,v1.1,,,,,,,,,,,,,,
Response,Sitting on a cake.,,,beta,v1.0,v1.1,,,,,,,,,,,,,,
Response,Sitting on the toilet and going poop.,,,beta,v1.0,v1.1,,,,,,,,,,,,,,
Response,Slapping my huge belly.,,,,v1.0,v1.1,,,,,,,,,,,,,,
Response,Slapping that butt.,,,beta,v1.0,v1.1,,,,,,,,,,,,,,
Response,"Slappy Spatchy, the game where you slap each other with spatulas.
Learn more at www.SlappySpatchy.com.",,,,v1.0,v1.1,,,,,,,,,,,,,,
Response,Slowly turning into cheese.,,,beta,v1.0,v1.1,,,,,,,,,,,,,,
Response,Smashing the patriarchy.,,,,v1.0,,,,,,,,,,,,,,,
Response,Smelling like onions.,,,beta,v1.0,v1.1,,,,,,,,,,,,,,
Response,Snakes.,,,,v1.0,,,,,,,,,,,,,,,
Response,Sniffing a dog's butt.,,,beta,v1.0,v1.1,,,,,,,,,,,,,,
Response,Snot bubbles.,,,,v1.0,v1.1,,,,,,,,,,,,,,
Response,Social media.,,,beta,,,,,,,,,,,,,,,,
Response,Some freakin' privacy.,,,beta,v1.0,v1.1,,,,,,,,,,,,,,
Response,Some weird guy.,,,,v1.0,v1.1,,,,,,,,,,,,,,
Response,Soup.,,,beta,,,,,,,,,,,,,,,,
Response,Space lasers.,,,beta,v1.0,v1.1,,,,,,,,,,,,,,
Response,Spawning sheep.,,,,v1.0,,,,,,,,,,,,,,,
Response,Spending my parent's hard-earned money.,,,beta,v1.0,v1.1,,,,,,,,,,,,,,
Response,Spider-Man.,,,beta,v1.0,v1.1,,,,,,,,,,,,,,
Response,Spiders.,,,,v1.0,v1.1,,,,,,,,,,,,,,
Response,Spinning and barfing.,,,,v1.0,v1.1,,,,,,,,,,,,,,
Response,Spit.,,,,v1.0,v1.1,,,,,,,,,,,,,,
Response,Squeezing a lemon into my eye.,,,,v1.0,v1.1,,,,,,,,,,,,,,
Response,Squirty cheese.,,,beta,v1.0,v1.1,,,,,,,,,,,,,,
Response,Stank breath.,,,beta,v1.0,,,,,,,,,,,,,,,
Response,Stealing dead bodies from the morgue.,written by a kid,,,,v1.1,,,,,,,,,,,,,,
Response,Stealing Mom's credit card.,written by a kid,,,,v1.1,,,,,,,,,,,,,,
Response,Stealing people's money and going to jail.,,,beta,,,,,,,,,,,,,,,,
Response,Steven Universe.,,,,v1.0,,,,,,,,,,,,,,,
Response,"Stinky Martha, the superhero that nobody likes.",,,,v1.0,v1.1,,,,,,,,,,,,,,
Response,Stuff.,,,beta,v1.0,v1.1,,,,,,,,,,,,,,
Response,Stuffing my underwear with pancakes.,,,beta,v1.0,v1.1,,,,,,,,,,,,,,
Response,Sucking at life.,,,,v1.0,v1.1,,,,,,,,,,,,,,
Response,Supreme Court Justice Ruth Bader Ginsburg.,,,beta,v1.0,,,,,,,,,,,,,,,
Response,Swallowing a bunch of popcorn kernels and shooting them out of my butt like a machine gun.,,,,,v1.1,,,,,,,,,,,,,,
Response,Swords.,,,beta,v1.0,v1.1,,,,,,,,,,,,,,
Response,Taking a dump in the backyard and blaming it on the dog.,written by a kid,,,,v1.1,,,,,,,,,,,,,,
Response,Taking a dump in the pool.,written by a kid,,beta,v1.0,v1.1,,,,,,,,,,,,,,
Response,Taking a selfie.,,,,v1.0,v1.1,,,,,,,,,,,,,,
Response,Taking out my eyeballs.,,,,v1.0,v1.1,,,,,,,,,,,,,,
Response,Teaching a chicken to kill.,,,beta,v1.0,v1.1,,,,,,,,,,,,,,
Response,"Teeny, tiny turds.",,,beta,,,,,,,,,,,,,,,,
Response,Teeny tiny turds.,,,,v1.0,v1.1,,,,,,,,,,,,,,
Response,That there tarantula.,,,,v1.0,v1.1,,,,,,,,,,,,,,
Response,The baby.,,,beta,v1.0,v1.1,,,,,,,,,,,,,,
Response,The babysitter.,,,beta,v1.0,v1.1,,,,,,,,,,,,,,
Response,The bacon.,,,,v1.0,v1.1,,,,,,,,,,,,,,
Response,The beautiful potato.,,,beta,v1.0,v1.1,,,,,,,,,,,,,,
Response,The British.,,,beta,v1.0,v1.1,,,,,,,,,,,,,,
Response,The bus driver.,,,beta,v1.0,v1.1,,,,,,,,,,,,,,
Response,The country of Bolivia.,,,,v1.0,v1.1,,,,,,,,,,,,,,
Response,The Dark Lord.,,,,v1.0,v1.1,,,,,,,,,,,,,,
Response,The dentist.,,,beta,v1.0,v1.1,,,,,,,,,,,,,,
Response,The dishes.,,,,v1.0,,,,,,,,,,,,,,,
Response,The divorce.,,,beta,v1.0,,,,,,,,,,,,,,,
Response,The doll that watches me sleep.,,,,v1.0,v1.1,,,,,,,,,,,,,,
Response,The entire state of Texas.,,,beta,v1.0,v1.1,,,,,,,,,,,,,,
Response,The fifth graders.,,,,v1.0,v1.1,,,,,,,,,,,,,,
Response,The first female President of the United States of America.,,,beta,,,,,,,,,,,,,,,,
Response,The first female president of the United States of America.,,,,v1.0,v1.1,,,,,,,,,,,,,,
Response,The floor.,,,,v1.0,v1.1,,,,,,,,,,,,,,
Response,The freedom of speech.,,,,v1.0,v1.1,,,,,,,,,,,,,,
Response,The garbage man.,,,beta,v1.0,v1.1,,,,,,,,,,,,,,
Response,The gluteus maximus.,,,beta,v1.0,v1.1,,,,,,,,,,,,,,
Response,The government.,,,beta,v1.0,v1.1,,,,,,,,,,,,,,
Response,The gym teacher.,,,,v1.0,v1.1,,,,,,,,,,,,,,
Response,"The huge, stupid moon.",,,beta,v1.0,v1.1,,,,,,,,,,,,,,
Response,The humble earthworm.,,,,v1.0,v1.1,,,,,,,,,,,,,,
Response,The ice cream man.,,,,v1.0,v1.1,,,,,,,,,,,,,,
Response,The longest tongue in the world.,,,,v1.0,v1.1,,,,,,,,,,,,,,
Response,"The loose skin at the joint of the elbow known as ""the weenus.""",,,beta,v1.0,v1.1,,,,,,,,,,,,,,
Response,The lunch lady.,,,,v1.0,v1.1,,,,,,,,,,,,,,
Response,The middle finger.,,,beta,v1.0,v1.1,,,,,,,,,,,,,,
Response,The octopus stuck to my face.,,,beta,v1.0,v1.1,,,,,,,,,,,,,,
Response,The old man with the rake who lives down the dark and winding road.,,,beta,v1.0,v1.1,,,,,,,,,,,,,,
Response,The oppressive system of capitalism.,,,beta,v1.0,v1.1,,,,,,,,,,,,,,
Response,The police.,,,beta,v1.0,v1.1,,,,,,,,,,,,,,
Response,The power of the Dark Side.,,,,v1.0,v1.1,,,,,,,,,,,,,,
Response,The president.,,,beta,v1.0,,,,,,,,,,,,,,,
Response,The Russians.,,,beta,v1.0,v1.1,,,,,,,,,,,,,,
Response,The sweet honking or Karen's bassoon.,,,beta,v1.0,v1.1,,,,,,,,,,,,,,
Response,The terrible winter of 1609.,,,beta,v1.0,v1.1,,,,,,,,,,,,,,
Response,The Underground Railroad.,,,beta,,,,,,,,,,,,,,,,
Response,The way Grandpa smells.,,,beta,v1.0,v1.1,,,,,,,,,,,,,,
Response,The way I feel when I see Kyle.,,,beta,v1.0,v1.1,,,,,,,,,,,,,,
Response,The wettest fart you ever heard.,,,beta,v1.0,v1.1,,,,,,,,,,,,,,
Response,The whole family.,,,beta,v1.0,v1.1,,,,,,,,,,,,,,
Response,The woman I'm going to marry one day.,,,,v1.0,v1.1,,,,,,,,,,,,,,
Response,"Thick, nasty burps.",,,beta,v1.0,v1.1,,,,,,,,,,,,,,
Response,"This goat, who is my friend.",,,beta,v1.0,v1.1,,,,,,,,,,,,,,
Response,This pumpkin.,,,,v1.0,v1.1,,,,,,,,,,,,,,
Response,This stupid game.,,,beta,v1.0,v1.1,,,,,,,,,,,,,,
Response,Thousands of lasagna,,,beta,v1.0,,,,,,,,,,,,,,,
Response,Three glasses of red wine.,,,,v1.0,v1.1,,,,,,,,,,,,,,
Response,Throwing stuff at other stuff.,,,,v1.0,v1.1,,,,,,,,,,,,,,
Response,Throwing up double peace signs with my besties at Starbucks.,,,beta,v1.0,,,,,,,,,,,,,,,
Response,Throwing up double peace signs with your besties at Starbucks.,,,,,v1.1,,,,,,,,,,,,,,
Response,TikTok.,,,,v1.0,v1.1,,,,,,,,,,,,,,
Response,Toe jam.,,,,v1.0,v1.1,,,,,,,,,,,,,,
Response,"Tombus, the talking rhombus.",,,,v1.0,v1.1,,,,,,,,,,,,,,
Response,Tongue kissing.,,,beta,v1.0,v1.1,,,,,,,,,,,,,,
Response,Tossed salads and scrambled eggs.,,,beta,v1.0,,,,,,,,,,,,,,,
Response,Total crap.,,,beta,v1.0,v1.1,,,,,,,,,,,,,,
Response,Total world domination.,,,,v1.0,v1.1,,,,,,,,,,,,,,
Response,Trees.,,,beta,,,,,,,,,,,,,,,,
Response,Triangles.,,,beta,v1.0,v1.1,,,,,,,,,,,,,,
Response,True love's kiss.,,,,v1.0,v1.1,,,,,,,,,,,,,,
Response,Trying to catch that dang raccoon.,,,beta,v1.0,v1.1,,,,,,,,,,,,,,
Response,Turning 40.,,,beta,v1.0,v1.1,,,,,,,,,,,,,,
Response,Twerking.,,,beta,v1.0,v1.1,,,,,,,,,,,,,,
Response,Uncle Bob.,,,beta,v1.0,v1.1,,,,,,,,,,,,,,
Response,Unleashing a hell demon that will destroy our world.,,,beta,v1.0,v1.1,,,,,,,,,,,,,,
Response,Uranus.,,,beta,v1.0,v1.1,,,,,,,,,,,,,,
Response,Using balloons as boobies.,,,beta,v1.0,v1.1,,,,,,,,,,,,,,
Response,Using my butt as a microwave.,,,beta,v1.0,v1.1,,,,,,,,,,,,,,
Response,Violating the dress code.,,,,,v1.1,,,,,,,,,,,,,,
Response,Violence.,,,,v1.0,v1.1,,,,,,,,,,,,,,
Response,Voldemort.,,,beta,v1.0,,,,,,,,,,,,,,,
Response,Wakanda.,,,,v1.0,,,,,,,,,,,,,,,
Response,Waking up inside of a spider web.,,,,v1.0,v1.1,,,,,,,,,,,,,,
Response,War with Canada.,,,,v1.0,,,,,,,,,,,,,,,
Response,WAR!,,,,,v1.1,,,,,,,,,,,,,,
Response,Water.,,,beta,,,,,,,,,,,,,,,,
Response,Wearing high heels.,,,,v1.0,v1.1,,,,,,,,,,,,,,
Response,Whatever Dad does at work.,,,beta,v1.0,v1.1,,,,,,,,,,,,,,
Response,"Whispering secrets to my best friend, Turkey.",,,,v1.0,v1.1,,,,,,,,,,,,,,
Response,Who cares.,,,,,v1.1,,,,,,,,,,,,,,
Response,Wiping my butt.,,,beta,v1.0,v1.1,,,,,,,,,,,,,,
Response,Witchcraft.,,,,v1.0,v1.1,,,,,,,,,,,,,,
Response,Work.,,,,,v1.1,,,,,,,,,,,,,,
Response,You.,,,beta,v1.0,v1.1,,,,,,,,,,,,,,
Response,Your face.,Written by a kid,,beta,v1.0,v1.1,,,,,,,,,,,,,,
Response,Your mom!,Written by a kid,,beta,v1.0,v1.1,,,,,,,,,,,,,,
,,,,,,,,,,,,,,,,,,,,
,,TOTALS:,,420,600,600,0,0,0,,,,,,,,,,,